<?xml version='1.1' encoding='UTF-8'?>
<org.jvnet.hudson.plugins.thinbackup.backup.PluginList plugin="thinBackup@1.10">
  <plugins>
    <entry>
      <string>mina-sshd-api-core</string>
      <string>2.8.0-36.v8e25ce90d4b_1</string>
    </entry>
    <entry>
      <string>jdk-tool</string>
      <string>55.v1b_32b_6ca_f9ca</string>
    </entry>
    <entry>
      <string>snakeyaml-api</string>
      <string>1.30.2-76.vc104f7ce9870</string>
    </entry>
    <entry>
      <string>github-branch-source</string>
      <string>1677.v731f745ea_0cf</string>
    </entry>
    <entry>
      <string>pipeline-github-lib</string>
      <string>38.v445716ea_edda_</string>
    </entry>
    <entry>
      <string>workflow-multibranch</string>
      <string>716.vc692a_e52371b_</string>
    </entry>
    <entry>
      <string>maven-plugin</string>
      <string>3.19</string>
    </entry>
    <entry>
      <string>pipeline-stage-tags-metadata</string>
      <string>2.2114.v2654ca_721309</string>
    </entry>
    <entry>
      <string>javax-activation-api</string>
      <string>1.2.0-4</string>
    </entry>
    <entry>
      <string>git-client</string>
      <string>3.11.2</string>
    </entry>
    <entry>
      <string>scm-api</string>
      <string>620.v0a_5b_1f8054c0</string>
    </entry>
    <entry>
      <string>pipeline-stage-step</string>
      <string>293.v200037eefcd5</string>
    </entry>
    <entry>
      <string>gearman-plugin</string>
      <string>0.6.0</string>
    </entry>
    <entry>
      <string>email-ext</string>
      <string>2.91</string>
    </entry>
    <entry>
      <string>github</string>
      <string>1.34.5</string>
    </entry>
    <entry>
      <string>build-timeout</string>
      <string>1.21</string>
    </entry>
    <entry>
      <string>windows-slaves</string>
      <string>1.8.1</string>
    </entry>
    <entry>
      <string>parameterized-trigger</string>
      <string>2.45</string>
    </entry>
    <entry>
      <string>mailer</string>
      <string>435.v79ef3972b_5c7</string>
    </entry>
    <entry>
      <string>jackson2-api</string>
      <string>2.13.3-285.vc03c0256d517</string>
    </entry>
    <entry>
      <string>workflow-scm-step</string>
      <string>400.v6b_89a_1317c9a_</string>
    </entry>
    <entry>
      <string>jakarta-mail-api</string>
      <string>2.0.1-1</string>
    </entry>
    <entry>
      <string>ws-cleanup</string>
      <string>0.42</string>
    </entry>
    <entry>
      <string>token-macro</string>
      <string>308.v4f2b_ed62b_b_16</string>
    </entry>
    <entry>
      <string>thinBackup</string>
      <string>1.10</string>
    </entry>
    <entry>
      <string>momentjs</string>
      <string>1.1.1</string>
    </entry>
    <entry>
      <string>okhttp-api</string>
      <string>4.9.3-108.v0feda04578cf</string>
    </entry>
    <entry>
      <string>artifactory</string>
      <string>3.17.0</string>
    </entry>
    <entry>
      <string>pipeline-build-step</string>
      <string>2.18</string>
    </entry>
    <entry>
      <string>pipeline-stage-view</string>
      <string>2.24</string>
    </entry>
    <entry>
      <string>pipeline-model-definition</string>
      <string>2.2114.v2654ca_721309</string>
    </entry>
    <entry>
      <string>config-file-provider</string>
      <string>3.11.1</string>
    </entry>
    <entry>
      <string>upstream-downstream-view</string>
      <string>1.006</string>
    </entry>
    <entry>
      <string>resource-disposer</string>
      <string>0.19</string>
    </entry>
    <entry>
      <string>bouncycastle-api</string>
      <string>2.26</string>
    </entry>
    <entry>
      <string>jaxb</string>
      <string>2.3.6-1</string>
    </entry>
    <entry>
      <string>ace-editor</string>
      <string>1.1</string>
    </entry>
    <entry>
      <string>pam-auth</string>
      <string>1.8</string>
    </entry>
    <entry>
      <string>javadoc</string>
      <string>217.v905b_86277a_2a_</string>
    </entry>
    <entry>
      <string>workflow-durable-task-step</string>
      <string>1199.v02b_9244f8064</string>
    </entry>
    <entry>
      <string>ssh-credentials</string>
      <string>295.vced876c18eb_4</string>
    </entry>
    <entry>
      <string>workflow-job</string>
      <string>1207.ve6191ff089f8</string>
    </entry>
    <entry>
      <string>workflow-basic-steps</string>
      <string>986.v6b_9c830a_6b_37</string>
    </entry>
    <entry>
      <string>jsch</string>
      <string>0.1.55.61.va_e9ee26616e7</string>
    </entry>
    <entry>
      <string>github-api</string>
      <string>1.303-400.v35c2d8258028</string>
    </entry>
    <entry>
      <string>echarts-api</string>
      <string>5.3.3-1</string>
    </entry>
    <entry>
      <string>workflow-cps</string>
      <string>2759.v87459c4eea_ca_</string>
    </entry>
    <entry>
      <string>sshd</string>
      <string>3.242.va_db_9da_b_26a_c3</string>
    </entry>
    <entry>
      <string>matrix-auth</string>
      <string>3.1.5</string>
    </entry>
    <entry>
      <string>jjwt-api</string>
      <string>0.11.5-77.v646c772fddb_0</string>
    </entry>
    <entry>
      <string>gradle</string>
      <string>1.39.4</string>
    </entry>
    <entry>
      <string>script-security</string>
      <string>1175.v4b_d517d6db_f0</string>
    </entry>
    <entry>
      <string>Hudson core</string>
      <string>2.346.2</string>
    </entry>
    <entry>
      <string>pipeline-milestone-step</string>
      <string>101.vd572fef9d926</string>
    </entry>
    <entry>
      <string>quality-gates</string>
      <string>2.5</string>
    </entry>
    <entry>
      <string>jakarta-activation-api</string>
      <string>2.0.1-1</string>
    </entry>
    <entry>
      <string>trilead-api</string>
      <string>1.67.vc3938a_35172f</string>
    </entry>
    <entry>
      <string>javax-mail-api</string>
      <string>1.6.2-7</string>
    </entry>
    <entry>
      <string>handlebars</string>
      <string>3.0.8</string>
    </entry>
    <entry>
      <string>ldap</string>
      <string>2.11</string>
    </entry>
    <entry>
      <string>plugin-util-api</string>
      <string>2.17.0</string>
    </entry>
    <entry>
      <string>variant</string>
      <string>59.vf075fe829ccb</string>
    </entry>
    <entry>
      <string>font-awesome-api</string>
      <string>6.1.1-1</string>
    </entry>
    <entry>
      <string>pipeline-model-extensions</string>
      <string>2.2114.v2654ca_721309</string>
    </entry>
    <entry>
      <string>pipeline-groovy-lib</string>
      <string>612.v84da_9c54906d</string>
    </entry>
    <entry>
      <string>workflow-support</string>
      <string>838.va_3a_087b_4055b</string>
    </entry>
    <entry>
      <string>checks-api</string>
      <string>1.7.4</string>
    </entry>
    <entry>
      <string>antisamy-markup-formatter</string>
      <string>2.7</string>
    </entry>
    <entry>
      <string>pipeline-rest-api</string>
      <string>2.24</string>
    </entry>
    <entry>
      <string>pipeline-model-api</string>
      <string>2.2114.v2654ca_721309</string>
    </entry>
    <entry>
      <string>pipeline-input-step</string>
      <string>449.v77f0e8b_845c4</string>
    </entry>
    <entry>
      <string>jquery3-api</string>
      <string>3.6.0-4</string>
    </entry>
    <entry>
      <string>credentials-binding</string>
      <string>523.vd859a_4b_122e6</string>
    </entry>
    <entry>
      <string>workflow-aggregator</string>
      <string>590.v6a_d052e5a_a_b_5</string>
    </entry>
    <entry>
      <string>credentials</string>
      <string>1139.veb_9579fca_33b_</string>
    </entry>
    <entry>
      <string>mina-sshd-api-common</string>
      <string>2.8.0-36.v8e25ce90d4b_1</string>
    </entry>
    <entry>
      <string>caffeine-api</string>
      <string>2.9.3-65.v6a_47d0f4d1fe</string>
    </entry>
    <entry>
      <string>workflow-step-api</string>
      <string>639.v6eca_cd8c04a_a_</string>
    </entry>
    <entry>
      <string>plain-credentials</string>
      <string>139.ved2b_9cf7587b</string>
    </entry>
    <entry>
      <string>command-launcher</string>
      <string>84.v4a_97f2027398</string>
    </entry>
    <entry>
      <string>matrix-project</string>
      <string>772.v494f19991984</string>
    </entry>
    <entry>
      <string>git</string>
      <string>4.11.4</string>
    </entry>
    <entry>
      <string>bootstrap5-api</string>
      <string>5.1.3-7</string>
    </entry>
    <entry>
      <string>cloudbees-folder</string>
      <string>6.740.ve4f4ffa_dea_54</string>
    </entry>
    <entry>
      <string>popper2-api</string>
      <string>2.11.5-2</string>
    </entry>
    <entry>
      <string>durable-task</string>
      <string>496.va67c6f9eefa7</string>
    </entry>
    <entry>
      <string>timestamper</string>
      <string>1.18</string>
    </entry>
    <entry>
      <string>junit</string>
      <string>1119.1121.vc43d0fc45561</string>
    </entry>
    <entry>
      <string>pipeline-graph-analysis</string>
      <string>195.v5812d95a_a_2f9</string>
    </entry>
    <entry>
      <string>structs</string>
      <string>324.va_f5d6774f3a_d</string>
    </entry>
    <entry>
      <string>apache-httpcomponents-client-4-api</string>
      <string>4.5.13-138.v4e7d9a_7b_a_e61</string>
    </entry>
    <entry>
      <string>ant</string>
      <string>475.vf34069fef73c</string>
    </entry>
    <entry>
      <string>ssh-slaves</string>
      <string>1.834.v622da_57f702c</string>
    </entry>
    <entry>
      <string>ivy</string>
      <string>2.2</string>
    </entry>
    <entry>
      <string>display-url-api</string>
      <string>2.3.6</string>
    </entry>
    <entry>
      <string>branch-api</string>
      <string>2.1046.v0ca_37783ecc5</string>
    </entry>
    <entry>
      <string>workflow-api</string>
      <string>1188.v0016b_4f29881</string>
    </entry>
  </plugins>
  <pluginsXml>/var/lib/jenkins/backup/FULL-2022-08-10_17-53/installedPlugins.xml</pluginsXml>
</org.jvnet.hudson.plugins.thinbackup.backup.PluginList>